upper_cluster,destination_globalcluster
AGRICULTURAL RECOVERY,Agriculture
AGRICULTURE,Agriculture
AGRICULTURE (INCLUDING FOOD SECURITY),Agriculture
AGRICULTURE AND LIVELIHOOD,Agriculture
AGRICULTURE AND LIVELIHOODS,Agriculture
AGRICULTURE AND LIVESTOCK,Agriculture
AGRICULTURE AND PRODUCTIVE SECTORS,Agriculture
AGRICULTURE COVID-19,Agriculture
AGRICULTURE/LIVELIHOODS,Agriculture
AGRICULTURE/LIVESTOCK,Agriculture
AGRICULTURE / FOOD SECURITY AND NUTRITION,Agriculture
AGRICULTURE / FOOD SECURITY SECTOR OUTCOME TEAM,Agriculture
AGRICULTURE AND FOOD AID,Agriculture
AGRICULTURE AND FOOD SECURITY,Agriculture
AGRICULTURE AND FOOD SECURITY SECTOR OUTCOME TEAM,Agriculture
ACTIVITÉS CCCM COVID-19,Camp Coordination / Management
CAMP COORDINATION & CAMP MANAGEMENT (CCCM),Camp Coordination / Management
CAMP COORDINATION / MANAGEMENT COVID-19,Camp Coordination / Management
CAMP COORDINATION AND CAMP MANAGEMENT,Camp Coordination / Management
CAMP COORDINATION AND CAMP MANAGEMENT & EMERGENCY SHELTER AND NFI,Camp Coordination / Management
CAMP COORDINATION AND CAMP MANAGEMENT (CCCM),Camp Coordination / Management
CAMP COORDINATION AND CAMP MANAGEMENT (CCCM) COVID-19,Camp Coordination / Management
CAMP COORDINATION AND CAMP MANAGEMENT (CCM),Camp Coordination / Management
CAMP COORDINATION AND CAMP MANAGEMENT (CCM) COVID-19,Camp Coordination / Management
CAMP COORDINATION AND CAMP MANAGEMENT COVID-19,Camp Coordination / Management
CAMP COORDINATION AND MANAGEMENT,Camp Coordination / Management
CAMP MANAGEMENT,Camp Coordination / Management
CCCM,Camp Coordination / Management
CCCM / SHELTER,Camp Coordination / Management
CCCM COVID-19,Camp Coordination / Management
CCCM-ABRIS-NFI,Camp Coordination / Management
CCCM-ABRIS-NFI COVID-19,Camp Coordination / Management
SHELTERS AND CAMPS COORDINATION AND MANAGEMENT,Camp Coordination / Management
SITE MANAGEMENT,Camp Coordination / Management
SITE MANAGEMENT AND SITE DEVELOPMENT,Camp Coordination / Management
SITE MANAGEMENT AND SITE DEVELOPMENT COVID-19,Camp Coordination / Management
CAMP COOR. AND CAMP MGMT,Camp Coordination / Management
CAMP COORDINATION & CAMP MANAGEMENT,Camp Coordination / Management
CAMP COORDINATION AND CAMP MANAGEMENT (CCCM) AND SHELTER,Camp Coordination / Management
CAMP COORDINATION AND CAMP MANAGEMENT(CCCM),Camp Coordination / Management
CAMP COORDINATION CAMP MANAGEMENT (CCCM),Camp Coordination / Management
CAMP COORDINATION/CAMP MANAGEMENT & NFIS,Camp Coordination / Management
CCCM/NFI/SHELTER,Camp Coordination / Management
CCCM/SHELTER,Camp Coordination / Management
CCCM/SHELTER/PROTECTION,Camp Coordination / Management
GESTION DES SITES D’ACCUEIL TEMPORAIRES,Camp Coordination / Management
COMMON SERVICES,Coordination and support services
"COMMON SERVICES (LOGISTICS, COORDINATION)",Coordination and support services
"COMMON SERVICES (LOGISTICS, COORDINATION) COVID-19",Coordination and support services
"COMMON SERVICES (LOGISTICS, ETC, COORDINATION)",Coordination and support services
COMMON SERVICES AND COMMUNITY SUPPORT,Coordination and support services
COMMON SERVICES AND COORDINATION,Coordination and support services
COMMUNICATION WITH COMMUNITIES,Coordination and support services
COMMUNICATION WITH COMMUNITIES COVID-19,Coordination and support services
COORDINATION,Coordination and support services
COORDINATION & COMMON SERVICES,Coordination and support services
COORDINATION AND COMMON SERVICES,Coordination and support services
COORDINATION AND COMMON SERVICES (CCS),Coordination and support services
COORDINATION AND COMMON SERVICES (CCS) COVID-19,Coordination and support services
COORDINATION AND COMMON SERVICES (INCLUDING DTM) COVID-19,Coordination and support services
COORDINATION AND COMMON SERVICES COVID-19,Coordination and support services
COORDINATION AND SAFETY,Coordination and support services
COORDINATION AND SECURITY,Coordination and support services
COORDINATION AND SUPPORT SERVICES,Coordination and support services
COORDINATION AND SUPPORT SERVICES COVID-19,Coordination and support services
COORDINATION AND TECHNICAL SERVICES,Coordination and support services
COORDINATION COVID-19,Coordination and support services
COORDINATION DES URGENCES,Coordination and support services
COORDINATION ET SERVICE DE SOUTIEN,Coordination and support services
COORDINATION ET SUPPORT SERVICES,Coordination and support services
COORDINATION SUPPORT SERVICES,Coordination and support services
CWC,Coordination and support services
ENABLING PROGRAMMES,Coordination and support services
ENABLING PROGRAMMES COVID-19,Coordination and support services
ETC,Coordination and support services
HUMANITARIAN COORDINATION,Coordination and support services
HUMANITARIAN TRANSPORTATION,Coordination and support services
INTER-SECTOR COORDINATION,Coordination and support services
LOGISTIQUE,Coordination and support services
LOGISTIQUE UNHAS,Coordination and support services
SHELTER/CCCM,Coordination and support services
SUPPORT SERVICES,Coordination and support services
COORDINACIÓN,Coordination and support services
COORDINATION & SUPPORT SERVICES,Coordination and support services
COORDINATION / INFORMATION MANAGEMENT AND SUPPORT SERVICES,Coordination and support services
COORDINATION AND INFORMATION MANAGEMENT,Coordination and support services
COORDINATION AND PREPAREDNESS,Coordination and support services
"COORDINATION AND SECTOR SERVICES, AAP/CWC",Coordination and support services
COORDINATION AND STAFF HEALTH,Coordination and support services
COORDINATION AND SUPPORT SERVICES SECTOR OUTCOME TEAM,Coordination and support services
COORDINATION AND TRANSITION,Coordination and support services
COORDINATION/IM AND SUPPORT SERVICES,Coordination and support services
ALL COVID-19,COVID-19
BASIC NEEDS COVID-19,COVID-19
COVID-19,COVID-19
MULTI-CLUSTER COVID-19,COVID-19
MULTISECTOR COVID-19,COVID-19
MULTI-SECTOR COVID-19,COVID-19
PANDEMIC RESPONSE COVID-19,COVID-19
RCCE COVID-19,COVID-19
REFUGEE RESPONSE COVID-19,COVID-19
RMMS COVID-19,COVID-19
RRM COVID-19,COVID-19
COMMUNITY RESTORATION,Early Recovery
EARLY RECOVERY,Early Recovery
EARLY RECOVERY / LIVELIHOODS AND COMMUNITY RESILIENCE,Early Recovery
EARLY RECOVERY AND LIVELIHOODS,Early Recovery
EARLY RECOVERY AND LIVELIHOODS COVID-19,Early Recovery
EMERGENCY EMPLOYMENT AND COMMUNITY REHABILITATION,Early Recovery
EMERGENCY LIVELIHOODS,Early Recovery
EMERGENCY LIVELIHOODS - SOCIAL COHESION,Early Recovery
EMERGENCY LIVELIHOODS COVID-19,Early Recovery
EMERGENCY LIVELIHOODS-SOCIAL COHESION,Early Recovery
INTEGRATION,Early Recovery
LIVELIHOOD AND COMMUNITY STABILIZATION,Early Recovery
LIVELIHOODS COVID-19,Early Recovery
MOYEN DE SUBSISTANCE ET STABILISATION COMMUNAUTAIRE (MSSC),Early Recovery
"RECOVERY, RETURNS AND REINTEGRATION",Early Recovery
RESILIENCE AND EARLY RECOVERY,Early Recovery
SOCIAL COHESION AND SUSTAINABLE LIVELIHOODS,Early Recovery
EARLY RECOVERY / LIVELIHOODS,Early Recovery
EARLY RECOVERY AND FOOD SECURITY,Early Recovery
EARLY RECOVERY AND LIVELIHOOD,Early Recovery
EARLY RECOVERY AND RECONSTRUCTION,Early Recovery
EARLY RECOVERY/LIVELIHOODS,Early Recovery
RAPID RESPONSE MECHANISM (RRM),Early Recovery
RECOVERY,Early Recovery
RAPID RESPONSE MECHANISM,Early Recovery
AOI 1 – DIRECT EMERGENCY ASSISTANCE,Early Recovery
BASIC NEEDS,Early Recovery
COMMUNITY RESTORATION/EARLY RECOVERY,Early Recovery
LIVELIHOOD,Early Recovery
LIVELIHOODS,Early Recovery
LIVELIHOODS AND RESILIENCE,Early Recovery
"LIVELIHOODS, INSTITUTIONAL CAPACITY BUILDING & INFRASTRUCTURE",Early Recovery
LIVELIHOODS/EARLY RECOVERY,Early Recovery
RECOVERY & REINTEGRATION,Early Recovery
RECUPERACIÓN TEMPRANA,Early Recovery
REINTEGRATION ET RELEVEMENT COMMUNAUTAIRE,Early Recovery
RELÈVEMENT,Early Recovery
RELÈVEMENT COMMUNAUTAIRE,Early Recovery
RELIEF,Early Recovery
RETOUR ET RELEVEMENT,Early Recovery
RETURNS AND EARLY REINTEGRATION,Early Recovery
EDUCATION,Education
EDUCATION COVID-19,Education
EDUCATION IN EMERGENCIES,Education
EDUCATION IN EMERGENCIES COVID-19,Education
EDUCATION IN EMERGENCIES WG,Education
EDUCACIÓN,Education
EDUCACIÓN EN EMERGENCIAS,Education
EDUCATION | EDUCACIÓN,Education
EDUCATION AND CULTURE,Education
EDUCATION AND PROTECTION,Education
EDUCATION AND SPORTS,Education
EDUCATION SECTOR OUTCOME TEAM,Education
EMERGENCY EDUCATION,Education
ABRIS,Emergency Shelter and NFI
ABRIS & NFI,Emergency Shelter and NFI
ABRIS / ARTICLES NON-ALIMENTAIRES,Emergency Shelter and NFI
ABRIS / NFI / CCCM,Emergency Shelter and NFI
ABRIS COVID-19,Emergency Shelter and NFI
ABRIS D'URGENCE ET BIENS NON-ALIMENTAIRES,Emergency Shelter and NFI
ABRIS ET ANA,Emergency Shelter and NFI
ABRIS ET ARTICLES NON ALIMENTAIRES,Emergency Shelter and NFI
ABRIS ET BIENS NON ALIMENTAIRES,Emergency Shelter and NFI
"ABRIS, ARTICLES NON ALIMENTAIRES",Emergency Shelter and NFI
"ABRIS, ARTICLES NON ALIMENTAIRES ET CCCM",Emergency Shelter and NFI
"ABRIS, ARTICLES NON-ALIMENTAIRES",Emergency Shelter and NFI
ABRIS/AME,Emergency Shelter and NFI
ABRIS/AME COVID-19,Emergency Shelter and NFI
ABRIS/AME/CCCM,Emergency Shelter and NFI
ABRIS/BIENS NON ALIMENTAIRES,Emergency Shelter and NFI
ABRIS/CCM/AME,Emergency Shelter and NFI
ABRIS/NFI,Emergency Shelter and NFI
ABRIS/NFI COVID-19,Emergency Shelter and NFI
ABRIS/NFI/CCCM,Emergency Shelter and NFI
ABRIS/NFIS,Emergency Shelter and NFI
ABRIS/NFIS COVID-19,Emergency Shelter and NFI
ALOJAMIENTO DE EMERGENCIA,Emergency Shelter and NFI
"ALOJAMIENTO, ENERGÍA Y ENSERES",Emergency Shelter and NFI
ALOJAMIENTOS Y ASENTAMIENTOS,Emergency Shelter and NFI
ARTICLES MENAGERS ESSENTIELS ET ABRIS,Emergency Shelter and NFI
BIENS NON ALIMENTAIRES ET ABRIS D'URGENCE,Emergency Shelter and NFI
CCCM/SHELTER/NFIS,Emergency Shelter and NFI
EMERGENCY SHELTER,Emergency Shelter and NFI
EMERGENCY SHELTER AND ESSENTIAL NFIS,Emergency Shelter and NFI
EMERGENCY SHELTER AND NFI,Emergency Shelter and NFI
EMERGENCY SHELTER AND NFI COVID-19,Emergency Shelter and NFI
EMERGENCY SHELTER AND NFIS,Emergency Shelter and NFI
EMERGENCY SHELTER AND NFIS COVID-19,Emergency Shelter and NFI
EMERGENCY SHELTER AND NON-FOOD ITEMS,Emergency Shelter and NFI
EMERGENCY SHELTER AND NON-FOOD ITEMS COVID-19,Emergency Shelter and NFI
EMERGENCY SHELTER COVID-19,Emergency Shelter and NFI
EMERGENCY SHELTER/NFI,Emergency Shelter and NFI
EMERGENCY SHELTER/NON-FOOD ITEMS (NFI),Emergency Shelter and NFI
NFIS,Emergency Shelter and NFI
NON FOOD ITEMS AND EMERGENCY SHELTER (NFI&ES),Emergency Shelter and NFI
NON FOOD ITEMS AND SHELTER,Emergency Shelter and NFI
NON-FOOD ITEMS,Emergency Shelter and NFI
NON-FOOD ITEMS (NFIS) AND SHELTER,Emergency Shelter and NFI
NON-FOOD ITEMS AND SHELTER,Emergency Shelter and NFI
SHELTER,Emergency Shelter and NFI
SHELTER - NFI,Emergency Shelter and NFI
SHELTER & NFIS,Emergency Shelter and NFI
SHELTER & NFIS COVID-19,Emergency Shelter and NFI
SHELTER / CCCM / NFIS,Emergency Shelter and NFI
SHELTER / NFI,Emergency Shelter and NFI
SHELTER / NFIS / CCCM,Emergency Shelter and NFI
SHELTER / NFIS / CCCM COVID-19,Emergency Shelter and NFI
SHELTER / NON FOOD ITEMS,Emergency Shelter and NFI
SHELTER / NON-FOOD ITEMS (NFI),Emergency Shelter and NFI
SHELTER / NON-FOOD ITEMS (NFI) COVID-19,Emergency Shelter and NFI
SHELTER AND EARLY RECOVERY,Emergency Shelter and NFI
SHELTER AND NFI,Emergency Shelter and NFI
SHELTER AND NFI COVID-19,Emergency Shelter and NFI
SHELTER AND NFIS,Emergency Shelter and NFI
SHELTER AND NFIS COVID-19,Emergency Shelter and NFI
SHELTER AND NON-FOOD ITEMS,Emergency Shelter and NFI
SHELTER AND NON-FOOD ITEMS COVID-19,Emergency Shelter and NFI
SHELTER COVID-19,Emergency Shelter and NFI
SHELTER NFI,Emergency Shelter and NFI
SHELTER NFIS,Emergency Shelter and NFI
SHELTER/CCCM/NFIS,Emergency Shelter and NFI
SHELTER/NFI,Emergency Shelter and NFI
SHELTER/NFI COVID-19,Emergency Shelter and NFI
SHELTER/NFI/CCCM,Emergency Shelter and NFI
SHELTER/NFIS,Emergency Shelter and NFI
SHELTER/NFIS COVID-19,Emergency Shelter and NFI
SHELTER/NFIS/CCCM,Emergency Shelter and NFI
SHELTER/NON-FOOD ITEMS,Emergency Shelter and NFI
SHELTER/NON-FOOD ITEMS COVID-19,Emergency Shelter and NFI
SHELTER-NFI,Emergency Shelter and NFI
SHELTERR NFIS,Emergency Shelter and NFI
TEMPORARY SHELTERS AND HOUSING,Emergency Shelter and NFI
EMERGENCY SHELTER AND PROTECTION,Emergency Shelter and NFI
HUMAN SETTLEMENT AND SHELTER,Emergency Shelter and NFI
NFI AND EMERGENCY SHELTER,Emergency Shelter and NFI
NFIS AND EMERGENCY SHELTER,Emergency Shelter and NFI
NFIS AND SHELTER,Emergency Shelter and NFI
NFIS/EMERGENCY SHELTER,Emergency Shelter and NFI
NON-FOOD ITEMS AND EMERGENCY SHELTER,Emergency Shelter and NFI
SHELTER & NON-FOOD ITEMS,Emergency Shelter and NFI
SHELTER / NFI / CAMP MANAGEMENT/CAMP COORDINATION,Emergency Shelter and NFI
SHELTER / NFI / CCCM,Emergency Shelter and NFI
SHELTER / NFI / PERMANENT HOUSING,Emergency Shelter and NFI
SHELTER / NFRI,Emergency Shelter and NFI
SHELTER / NFRI / CAMP MANAGEMENT,Emergency Shelter and NFI
SHELTER AND CAMP MANAGEMENT,Emergency Shelter and NFI
SHELTER AND CCM,Emergency Shelter and NFI
SHELTER AND HOUSING,Emergency Shelter and NFI
SHELTER AND NFI CLUSTER,Emergency Shelter and NFI
SHELTER AND RECOVERY,Emergency Shelter and NFI
SHELTER ENERGY AND NFI| ALOJAMIENTO ENERGÍA Y ENSERES,Emergency Shelter and NFI
SHELTER ENERGY AND NFI| ALOJAMIENTO ENERGÍA Y ENSERES COVID-19,Emergency Shelter and NFI
SHELTER SECTOR OUTCOME TEAM,Emergency Shelter and NFI
SHELTER/ NON-FOOD ITEMS,Emergency Shelter and NFI
SHELTER/CCCM/NFI,Emergency Shelter and NFI
SHELTER/NFI/CAMP COORDINATION AND CAMP MANAGEMENT,Emergency Shelter and NFI
SHELTER/NFRI/CAMP MANAGEMENT,Emergency Shelter and NFI
SHELTER/NON FOOD ITEMS,Emergency Shelter and NFI
COLLECTIVE CENTRES/EMERGENCY SHELTER,Emergency Shelter and NFI
HOUSING / SHELTER SECTOR OUTCOME TEAM,Emergency Shelter and NFI
SHELTER-REFUGE AND RISK REDUCTION,Emergency Shelter and NFI
ARTICLES MÉNAGERS ESSENTIELS,Emergency Shelter and NFI
ARTICLES MÉNAGERS ESSENTIELS (AME) ET ABRIS D’URGENCE,Emergency Shelter and NFI
BIENS NON ALIMENTAIRES ET ABRIS D’URGENCE,Emergency Shelter and NFI
EMERGENCY TELECOMMUNICATIONS,Emergency Telecommunications
EMERGENCY TELECOMMUNICATIONS (ETC),Emergency Telecommunications
EMERGENCY TELECOMMUNICATIONS COVID-19,Emergency Telecommunications
LOGISTICS AND EMERGENCY TELECOMMUNICATIONSS,Emergency Telecommunications
EMERGENCY TELECOMMUNICATION,Emergency Telecommunications
EMERGENCY TELECOMMUNICATION SERVICES,Emergency Telecommunications
EMERGENCY TELECOMMUNICATIONS (ETC) CLUSTER,Emergency Telecommunications
EMERGENCY TELECOMMUNICATIONS SERVICES,Emergency Telecommunications
TÉLÉCOM D'URGENCES,Emergency Telecommunications
TÉLÉCOMMUNICATION D'URGENCE,Emergency Telecommunications
TELECOMMUNICATIONS,Emergency Telecommunications
TELECOMMUNICATIONS D'URGENCE,Emergency Telecommunications
COMMUNICATION,Emergency Telecommunications
FOOD,Food Security
FOOD ASSISTANCE,Food Security
FOOD COVID-19,Food Security
FOOD SECURITY,Food Security
FOOD SECURITY & LIVELIHOODS,Food Security
FOOD SECURITY & LIVELIHOODS COVID-19,Food Security
FOOD SECURITY (INCLUDING AGRICULTURE),Food Security
FOOD SECURITY | SEG. ALIMENTARIA,Food Security
FOOD SECURITY | SEGURIDAD ALIMENTARIA,Food Security
FOOD SECURITY | SEGURIDAD ALIMENTARIA COVID-19,Food Security
FOOD SECURITY AND AGRICULTURE,Food Security
FOOD SECURITY AND AGRICULTURE COVID-19,Food Security
FOOD SECURITY AND AGRICULTURE/LIVELIHOODS,Food Security
FOOD SECURITY AND LIVELIHOOD,Food Security
FOOD SECURITY AND LIVELIHOOD COVID-19,Food Security
FOOD SECURITY AND LIVELIHOODS,Food Security
FOOD SECURITY AND LIVELIHOODS (FSL),Food Security
FOOD SECURITY AND LIVELIHOODS (FSL) COVID-19,Food Security
FOOD SECURITY AND LIVELIHOODS COVID-19,Food Security
FOOD SECURITY AND NUTRITION,Food security
FOOD SECURITY AND NUTRITION COVID-19,Food Security
FOOD SECURITY COVID-19,Food Security
FOOD SECURITY SECTOR,Food Security
FOOD SECURITY SECTOR COVID-19,Food Security
"FOOD SECURITY, NUTRITION AND EMERGENCY AGRICULTURE",Food security
FOOD/NUTRITION,Food Security
SECURITE ALIMENTAIRE,Food Security
SECURITY,Food Security
FOOD & AGRICULTURE,Food Security
FOOD AID,Food Security
FOOD AID AND FOOD SECURITY,Food Security
FOOD AND AGRICULTURE,Food Security
FOOD AND NUTRITION,Food Security
FOOD ASSISTANCE AND NUTRITION,Food Security
FOOD SECTOR OUTCOME TEAM,Food Security
FOOD SECURITY AND AGRI LIVELIHOODS,Food Security
FOOD SECURITY AND AGRICULTURAL LIVELIHOODS,Food Security
FOOD SECURITY AND AGRICULTURAL LIVELIHOODS (FSAL),Food Security
"FOOD SECURITY, AGRICULTURE, LIVELIHOOD",Food Security
SECURITÉ ALIMENTAIRE,Food Security
SÉCURITÉ ALIMENTAIRE,Food Security
SÉCURITÉ ALIMENTAIRE COVID-19,Food Security
SEGURIDAD ALIMENTARIA,Food Security
SEGURIDAD ALIMENTARIA Y NUTRICIÓN,Food Security
SEGURIDAD ALIMENTARIA Y NUTRICIÓN COVID-19,Food Security
SEGURIDAD ALIMENTARIA Y NUTRICIONAL,Food Security
CHOLERA,Health
HEALTH,Health
HEALTH - COVID-19,Health
HEALTH & NUTRITION COVID-19,Health
HEALTH (INCLUDING REPRODUCTIVE HEALTH AND MENTAL HEALTH AND PSYCHOSOCIAL SERVICES),Health
HEALTH | SALUD,Health
HEALTH | SALUD COVID-19,Health
HEALTH AND NUTRITION,Health
HEALTH AND NUTRITION CLUSTER,Health
HEALTH AND NUTRITION CLUSTER COVID-19,Health
HEALTH AND NUTRITION COVID-19,Health
HEALTH COVID-19,Health
SALUD,Health
SALUD COVID-19,Health
SANTE,Health
HUMAN HEALTH,Health
SALUD Y SSR,Health
SANTÉ,Health
SANTÉ COVID-19,Health
HEALTH AND HIV/AIDS,Health
HEALTH AND NUTRITION SECTOR OUTCOME TEAM,Health
"HEALTH, NUTRITION AND HIV/AIDS",Health
"HEALTH, NUTRITION AND WATER, SANITATION & HYGIENE",Health
HEALTH/NUTRITION,Health
AVIATION,Logistics
AVIATION COVID-19,Logistics
AVIATION SERVICES,Logistics
LOGISTICS,Logistics
LOGISTICS (LOGS),Logistics
LOGISTICS (LOGS) COVID-19,Logistics
LOGISTICS AND EMERGENCY TELECOMMUNICATIONS,Logistics
LOGISTICS AND EMERGENCY TELECOMMUNICATIONS COVID-19,Logistics
LOGISTICS AND TELECOMMUNICATION,Logistics
LOGISTICS COVID-19,Logistics
LOGISTICS/ UNHAS FLIGHTS,Logistics
LOGISTIQUE COVID-19,Logistics
LOGITIQUE,Logistics
LOGITIQUE COVID-19,Logistics
SERVICE UNHAS,Logistics
SERVICES HUMANITAIRES COMMUNS,Logistics
LOGÍSTICA COVID-19,Logistics
LOGISTICS AND EMERGENCY COMMUNICATIONS,Logistics
LOGISTICS AND TELECOMMUNICATIONS,Logistics
LOGISTICS CLUSTER,Logistics
LOGISTICS SUPPORT SERVICES,Logistics
"LOGISTICS, COORDINATION AND SUPPORT SERVICES",Logistics
"LOGISTICS, SUPPORT AND COORDINATION",Logistics
COMMON SERVICES (INCLUDING LOGISTICS AND COORDINATION),Logistics
BASIC INFRASTRUCTURE,Logistics
BASIC INFRASTRUCTURE AND SETTLEMENT DEVELOPMENT,Logistics
OPERATIONAL SUPPORT,Logistics
ALL NON-COVID,Multi-sector
ASSISTANCE MULTISECTORIELLE AUX RÉFUGIÉS,Multi-sector
CASH,Multi-sector
MSSC,Multi-sector
MULIT-SECTOR: REFUGEES AND MIGRANTS,Multi-sector
MULTI CLUSTER,Multi-sector
MULTI PURPOSE CASH,Multi-sector
MULTI SECTOR,Multi-sector
MULTI SECTOR (EMERGENCY RETURNS AND REFUGEES),Multi-sector
MULTI-PURPOSE CASH,Multi-sector
MULTIPURPOSE CASH ASSISTANCE,Multi-sector
MULTI-PURPOSE CASH ASSISTANCE,Multi-sector
MULTIPURPOSE CASH ASSISTANCE COVID-19,Multi-sector
MULTI-PURPOSE CASH ASSISTANCE COVID-19,Multi-sector
MULTI-PURPOSE CASH COVID-19,Multi-sector
MULTIPURPOSE CASH/ IDPS/ MULTISECTOR,Multi-sector
MULTIPURPOSE CBI,Multi-sector
MULTI-SECTEUR,Multi-sector
MULTI-SECTOR,Multi-sector
MULTI-SECTOR ASSISTANCE FOR REFUGEES,Multi-sector
MULTI-SECTOR ASSISTANCE TO REFUGEES,Multi-sector
MULTI-SECTOR CASH/SOCIAL PROTECTION COVID-19,Multi-sector
MULTI-SECTOR FOR NON-REFUGEES,Multi-sector
MULTI-SECTOR FOR REFUGEES,Multi-sector
MULTI-SECTOR FOR REFUGEES AND RETURNEES,Multi-sector
MULTI-SECTOR REFUGEES,Multi-sector
MULTI-SECTOR: REFUGEES & MIGRANTS,Multi-sector
MULTI-SECTORAL ACTIVITIES,Multi-sector
MULTI-SECTORAL ASSISTANCE,Multi-sector
MULTI-SECTORIAL ASSISTANCE FOR NON-REFUGEES,Multi-sector
OTHER REFUGEE RESPONSE,Multi-sector
PDI,Multi-sector
REFUGEE AND MIGRANT MULTI-SECTOR,Multi-sector
REFUGEE AND MIGRANT MULTI-SECTOR RESPONSE PLAN,Multi-sector
REFUGEE AND MIGRANT RESPONSE,Multi-sector
REFUGEE CHAPTER,Multi-sector
REFUGEE MULTI-SECTOR,Multi-sector
REFUGEE RESPONSE,Multi-sector
REFUGEE RESPONSE (MULTI-SECTOR),Multi-sector
REFUGEES,Multi-sector
REFUGEES AND RETURNEES,Multi-sector
REFUGEES COVID-19,Multi-sector
REFUGEES MULTI-SECTOR COVID-19,Multi-sector
REFUGEES NON-SECTORAL RESPONSE,Multi-sector
REFUGEES RESPONSE,Multi-sector
REGIONAL PROJECTS OUTSIDE AOIS,Multi-sector
REPONSE MULTISECTORIELLE AUX BESOINS SPECIFIQUES DES REFUGIES,Multi-sector
RESPONSE PLAN FOR REFUGEES AND MIGRANTS,Multi-sector
RRM,Multi-sector
MIGRANTS,Multi-sector
MULTI CLUSTER PROJECTS,Multi-sector
MULTI-CLUSTER,Multi-sector
MULTI-PURPOSE CASH ASSISTANCE (MPCA),Multi-sector
MULTISECTOR,Multi-sector
MULTI-SECTOR (INCLUDING CAMP COORDINATION AND CAMP MANAGEMENT),Multi-sector
MULTI-SECTOR (REFUGEE PROGRAMME),Multi-sector
MULTI-SECTOR (REFUGEE RESPONSE),Multi-sector
MULTI-SECTOR (REFUGEES),Multi-sector
"MULTI-SECTOR : REFUGEES, ASYLUM SEEKERS & MIGRANTS",Multi-sector
MULTI-SECTOR : REFUGEES/MIGRANTS,Multi-sector
MULTI-SECTOR ACTIVITIES FOR IDPS AND REFUGEES,Multi-sector
MULTI-SECTOR ACTIVITIES FOR REFUGEES,Multi-sector
MULTI-SECTOR: REFUGEES AND MIGRANTS,Multi-sector
MULTI-SECTORAL ASSISTANCE TO REFUGEES,Multi-sector
PLAN DE RÉPONSE POUR LES RÉFUGIÉS,Multi-sector
REFUGEES (MULTI-SECTOR),Multi-sector
REFUGEES AND MIGRANTS MULTISECTOR,Multi-sector
REFUGEES MULTI-SECTOR,Multi-sector
RÉFUGIÉS,Multi-sector
RÉPONSE AUX RÉFUGIÉS,Multi-sector
RÉPONSE AUX RÉFUGIÉS COVID-19,Multi-sector
RÉPONSE MULTISECTORIEL AUX RÉFUGIÉS,Multi-sector
RÉPONSE MULTISECTORIEL AUX RÉFUGIÉS COVID-19,Multi-sector
RÉPONSE MULTISECTORIELLE AUX RAPATRIÉS,Multi-sector
RÉPONSE MULTISECTORIELLE AUX RAPATRIÉS COVID-19,Multi-sector
RÉPONSE MULTISECTORIELLE AUX RÉFUGIÉS,Multi-sector
RÉPONSE MULTISECTORIELLE POUR LES RÉFUGIÉS,Multi-sector
RÉPONSE MULTISECTORIELLE POUR LES RÉFUGIÉS COVID-19,Multi-sector
RÉPONSE NON SECTORIELLE POUR LES RÉFUGIÉS,Multi-sector
RÉPONSE NON-SECTORIELLE POUR LES RÉFUGIÉS,Multi-sector
RÉPONSE POUR LES RÉFUGIÉS,Multi-sector
CASH À USAGE MULTIPLE,Multi-sector
"SURVIVAL, WASH, HEALTH & NUTRITION",Multi-sector
CROSS-SECTOR SUPPORT FOR RETURN,Multi-sector
NUTRITIION,Nutrition
NUTRITION,Nutrition
NUTRITION AND HEALTH,Nutrition
NUTRITION COVID-19,Nutrition
NUTRICIÓN,Nutrition
NUTRITION | NUTRICIÓN,Nutrition
NUTRITION AND FOOD SECURITY,Nutrition
YOUNG CHILD NUTRITION,Nutrition
COMMON HUMANITARIAN FUND,Other
COMMON HUMANITARIAN FUND (CHF),Other
DISPLACEMENT TRACKING MATRIX (DTM),Other
OTHER,Other
ACCESS AND SECURITY,Other
AOI 3 – SOCIO ECONOMIC AND CULTURAL INTEGRATION,Other
AOI 4 – CAPACITY BUILDING,Other
CASH FOR WORK,Other
CASH FOR WORK AND CASH ASSISTANCE,Other
CIVIL ADMINISTRATION AND NATIONAL PROTECTION MECHANISMS,Other
COMMUNITY SERVICES,Other
CONSÉQUENCES DE L’INSÉCURITÉ,Other
CULTURE / PATRIMONY,Other
DDR,Other
DEVELOPMENT,Other
DISASTER PREPAREDNESS,Other
ECONOMIC GROWTH AND POVERTY ALLEVIATION,Other
ECONOMIC RECOVERY AND INFRASTRUCTURE,Other
EMERGENCY EMPLOYMENT,Other
EMERGENCY ENERGY SECTOR,Other
EMERGENCY PREPAREDNESS,Other
EMERGENCY PREPAREDNESS AND RESPONSE,Other
"GOV., INFRAS. AND LIVELIHOODS",Other
GOVERNANCE,Other
GOVERNANCE AND RULE OF LAW,Other
"GOVERNANCE, INFRASTRUCTURE AND ECONOMIC RECOVERY",Other
INCOME GENERATING ACTIVITIES,Other
INFORMATION MANAGEMENT AND COORDINATION,Other
JOB CREATION / CASH ASSISTANCE,Other
PEACE AND TOLERANCE,Other
PRÉPARATION À LA RÉPONSE AUX CATASTROPHES,Other
PREPAREDNESS AND RESPONSE HURRICANE SEASON,Other
RISK COMMUNICATION - COMMUNITY ENGAGEMENT,Other
SOCIAL STABILITY,Other
STAFF SAFETY SERVICES,Other
SUSTAINABLE LIVELIHOODS,Other
SUSTAINABLE LIVELIHOODS AT COMMUNITY LEVEL,Other
SERVICES COMMUNS ET COORDINATION,Other
CHILD PROTECTION,Protection
CHILD PROTECTION COVID-19,Protection
CHILD PROTECTION SUB-SECTOR,Protection
GENDER AND PROTECTION,Protection
GENDER BASED VIOLENCE,Protection
GENDER-BASED VIOLENCE,Protection
MINE ACTION,Protection
MINE ACTION (MA),Protection
PROTECTION,Protection
PROTECTION - CHILD COVID-19,Protection
PROTECTION - CHILD PROTECTION,Protection
PROTECTION - CHILD PROTECTION COVID-19,Protection
PROTECTION - GENDER-BASED VIOLENCE,Protection
PROTECTION (INCLUDING CHILD PROTECTION AND GBV) COVID-19,Protection
PROTECTION : PROTECTION DE L'ENFANT,Protection
PROTECTION AND COMMUNITY SERVICES,Protection
PROTECTION AND SAFETY,Protection
PROTECTION COVID-19,Protection
PROTECTION DE L'ENFANCE COVID-19,Protection
PROTECTION DE L'ENFANT,Protection
PROTECTION DE L'ENFANT COVID-19,Protection
PROTECTION INC GBV AND CP COVID-19,Protection
PROTECTION VBG COVID-19,Protection
"PROTECTION, MINE ACTION AND HOUSING, LAND AND PROPERTY",Protection
"PROTECTION, MINE ACTION AND HOUSING, LAND AND PROPERTY COVID-19",Protection
PROTECTION/CCCM,Protection
PROTECTION: CHILD PROTECTION,Protection
PROTECTION: CHILD PROTECTION AOR,Protection
PROTECTION: CHILD PROTECTION COVID-19,Protection
PROTECTION: CHILD PROTECTION SUB-CLUSTER,Protection
PROTECTION: GBV SUB-CLUSTER,Protection
PROTECTION: GENDE BASED VIOLENCE,Protection
PROTECTION: GENDER BASED VIOLENCE,Protection
PROTECTION: GENDER BASED VIOLENCE (GBV),Protection
PROTECTION: GENDER BASED VIOLENCE (GBV) COVID-19,Protection
PROTECTION: GENDER BASED VIOLENCE COVID-19,Protection
PROTECTION: GENDER-BASED VIOLENCE,Protection
PROTECTION: GENDER-BASED VIOLENCE (GBV),Protection
PROTECTION: GENDER-BASED VIOLENCE AOR,Protection
PROTECTION: GENDER-BASED VIOLENCE COVID-19,Protection
PROTECTION: MAIN CLUSTER,Protection
PROTECTION: MINE ACTION,Protection
PROTECTION: MINE ACTION AOR,Protection
PROTECTION: MULTI-PURPOSE CASH ASSISTANCE,Protection
PROTECTION: PROTECTION,Protection
PROTECTION: PROTECTION DE L'ENFANT,Protection
PROTECTION: PROTECTION DE L'ENFANT COVID-19,Protection
PROTECTION-GBV SUB-SECTOR,Protection
S/CLUSTER PROTECTION DE L'ENFANT,Protection
S/CLUSTER VBG,Protection
VBG,Protection
VBG COVID-19,Protection
CP & GBV,Protection
GBV,Protection
PROTECCION,Protection
PROTECCIÓN,Protection
PROTECCIÓN COVID-19,Protection
PROTECTION (GBV&CHILD PROTECTION),Protection
PROTECTION (INCLUDING CHILD PROTECTION),Protection
PROTECTION / HUMAN RIGHTS / RULE OF LAW,Protection
PROTECTION / HUMAN RIGHTS / RULE OF LAW SECTOR OUTCOME TEAM,Protection
PROTECTION : VIOLENCES BASÉES SUR LE GENRE,Protection
PROTECTION | PROTECCIÓN,Protection
PROTECTION | PROTECCIÓN COVID-19,Protection
PROTECTION AND HUMAN RIGHTS,Protection
PROTECTION AND MULTI-SECTORAL ASSISTANCE FOR REFUGEES AND ASYLUM-SEEKERS,Protection
PROTECTION AND SECURITY,Protection
PROTECTION OF CHILDREN AND OTHER AT RISK GROUPS,Protection
PROTECTION OF CHILDREN AND OTHER VULNERABLE GROUPS,Protection
PROTECTION OF CHILDREN AND WOMEN,Protection
PROTECTION SECTOR OUTCOME TEAM,Protection
"PROTECTION, INCL. CHILD PROTECTION AND SGBV",Protection
PROTECTION/HUMAN RIGHTS/RULE OF LAW,Protection
PROTECTION: VIOLENCES BASÉES SUR LE GENRE,Protection
CHILD PROTECTION / EDUCATION,Protection
CHILD PROTECTION AND PSYCHO-SOCIAL,Protection
AOI 2 – PROTECTION ASSISTANCE,Protection
CLUSTER NOT YET SPECIFIED,Unspecified
SECTEUR NON SPECIFIE,Unspecified
CLUSTER NOT SPECIFIED,Unspecified
COMPONENT NOT YET SPECIFIED,Unspecified
NON-STANDARD SECTOR NOT YET SPECIFIED,Unspecified
NOT YET SPECIFIIED,Unspecified
SECTOR NOT YET SPECIFIED,Unspecified
SECTOR OUTCOME TEAM NOT YET SPECIFIED,Unspecified
WITHDRAWN PROJECTS,Unspecified
"AGUA, SANEAMIENTO E HIGIENE",Water Sanitation Hygiene
"AGUA, SANEAMIENTO E HIGIENE (WASH) COVID-19",Water Sanitation Hygiene
"EAU, HYGIENE ET ASSAINISSEMENT",Water Sanitation Hygiene
EHA,Water Sanitation Hygiene
WASH,Water Sanitation Hygiene
"WASH | AGUA, SANEAMIENTO E HIGIENE",Water Sanitation Hygiene
"WASH | AGUA, SANEAMIENTO E HIGIENE COVID-19",Water Sanitation Hygiene
WASH COVID-19,Water Sanitation Hygiene
WATER AND SANITATION,Water Sanitation Hygiene
WATER AND SANITATION COVID-19,Water Sanitation Hygiene
WATER SANITATION AND HYGIENE,Water Sanitation Hygiene
WATER SANITATION AND HYGIENE COVID-19,Water Sanitation Hygiene
"WATER, HYGIENE AND SANITATION (WASH)",Water Sanitation Hygiene
"WATER, SANITATION & HYGIENE (WASH)",Water Sanitation Hygiene
"WATER, SANITATION AND HYGIENE",Water Sanitation Hygiene
"WATER, SANITATION AND HYGIENE (WASH)",Water Sanitation Hygiene
"WATER, SANITATION AND HYGIENE (WASH) COVID-19",Water Sanitation Hygiene
"WATER, SANITATION AND HYGIENE COVID-19",Water Sanitation Hygiene
"WATER,SANITATION AND HYGIENE",Water Sanitation Hygiene
EAU ET ASSAINISSEMENT,Water Sanitation Hygiene
EAU HYGIÈNE ET ASSAINISSEMENT,Water Sanitation Hygiene
EAU HYGIÈNE ET ASSAINISSEMENT COVID-19,Water Sanitation Hygiene
"EAU POTABLE, ASSAINISSEMENT ET HYGIÈNE",Water Sanitation Hygiene
"EAU, HYGIÈNE & ASSAINISSEMENT",Water Sanitation Hygiene
"EAU, HYGIÈNE ET ASSAINISSEMENT",Water Sanitation Hygiene
"EAU, HYGIÈNE ET ASSAINISSEMENT (EHA)",Water Sanitation Hygiene
"EAU, HYGIÈNE ET ASSAINISSEMENT COVID-19",Water Sanitation Hygiene
EAU-HYGIENE-ASSAINISSEMENT,Water Sanitation Hygiene
"EHA - EAU, HYGIÈNE ET ASSAINISSEMENT",Water Sanitation Hygiene
"EHA - EAU, HYGIÈNE ET ASSAINISSEMENT COVID-19",Water Sanitation Hygiene
SANITATION AND HYGIENE,Water Sanitation Hygiene
"SANTÉ, EAU, HYGIÈNE ET ASSAINISSEMENT",Water Sanitation Hygiene
"WASH, SANITATION AND HYGIENE",Water Sanitation Hygiene
WATER & SANITATION,Water Sanitation Hygiene
WATER AND SANITATION SECTOR OUTCOME TEAM,Water Sanitation Hygiene
WATER SANITATION AND HYGIENE (WASH),Water Sanitation Hygiene
"WATER, SANITATION & HYGIENE",Water Sanitation Hygiene
"WATER, SANITATION AND HEALTH",Water Sanitation Hygiene
"WATER, SANITATION AND HYGIENE SECTOR OUTCOME TEAM",Water Sanitation Hygiene
"WATER, SANITATION, HYGIENE",Water Sanitation Hygiene
WATER/SANITATION,Water Sanitation Hygiene
